-- DROP TABLE

DROP TABLE CUSTOMER;
DROP TABLE BANKER_INFORMATION;
DROP TABLE CREDIT_CARD;
DROP TABLE LOAN;
DROP TABLE ACCOUNT;
DROP TABLE BRANCH;


-- CREATE TABLE


CREATE TABLE CUSTOMER(CUSTOMER_ID INT NOT NULL, 
CUSTOMER_NAME VARCHAR(100),
CUSTOMER_STREET VARCHAR(100),
CUSTOMER_CITY VARCHAR(100),
PRIMARY KEY(CUSTOMER_ID));

CREATE TABLE BANKER_INFORMATION(BANKER_ID INT NOT NULL,
BANKER_NAME VARCHAR(100), 
BANKER_EMAIL VARCHAR(100), 
CUSTOMER_ID INT NOT NULL, 
PRIMARY KEY(BANKER_ID),
FOREIGN KEY(CUSTOMER_ID) REFERENCES CUSTOMER ON DELETE CASCADE);

CREATE TABLE CREDIT_CARD(CARD_NUMBER INT NOT NULL,
CARD_LIMIT INT,
EXPIRE_DATE VARCHAR(100),
CUSTOMER_ID INT NOT NULL,
PRIMARY KEY(CARD_NUMBER),
FOREIGN KEY(CUSTOMER_ID) REFERENCES CUSTOMER ON DELETE CASCADE );


CREATE TABLE LOAN(LOAN_NUMBER INT NOT NULL,
AMOUNT INT,
CUSTOMER_ID INT NOT NULL,
PRIMARY KEY(LOAN_NUMBER),
FOREIGN KEY(CUSTOMER_ID) REFERENCES CUSTOMER ON DELETE CASCADE);


CREATE TABLE BRANCH(BRANCH_NAME VARCHAR(100) NOT NULL,
BRANCH_LOCATION VARCHAR(100),
LOAN_NUMBER INT NOT NULL,
PRIMARY KEY(BRANCH_NAME),
FOREIGN KEY(LOAN_NUMBER) REFERENCES LOAN ON DELETE CASCADE);

CREATE TABLE ACCOUNT(ACCOUNT_NUMBER INT NOT NULL,
BALANCE INT,
CATEGORY VARCHAR(100),
CUSTOMER_ID INT NOT NULL,
PRIMARY KEY(ACCOUNT_NUMBER),
FOREIGN KEY(CUSTOMER_ID) REFERENCES CUSTOMER ON DELETE CASCADE);


-- INSERT INTO CUSTOMER
INSERT INTO CUSTOMER(CUSTOMER_ID, CUSTOMER_NAME,CUSTOMER_STREET,CUSTOMER_CITY) VALUES(500, 'PIAL', '500A','DINAJPUR');
INSERT INTO CUSTOMER(CUSTOMER_ID, CUSTOMER_NAME,CUSTOMER_STREET,CUSTOMER_CITY) VALUES(501, 'NAJIB', '501A','RANGPUR');
INSERT INTO CUSTOMER(CUSTOMER_ID, CUSTOMER_NAME,CUSTOMER_STREET,CUSTOMER_CITY) VALUES(502, 'RONY', '502A','VANGA');



-- INSERT INTO BANKER_INFORMATION
INSERT INTO BANKER_INFORMATION(BANKER_ID, BANKER_NAME, BANKER_EMAIL, CUSTOMER_ID) VALUES(100, 'SOURAV', 'SOURAV@GMAIL.COM',500);
INSERT INTO BANKER_INFORMATION(BANKER_ID, BANKER_NAME, BANKER_EMAIL, CUSTOMER_ID) VALUES(101, 'MAHIM', 'MAHIM@GMAIL.COM',501);
INSERT INTO BANKER_INFORMATION(BANKER_ID, BANKER_NAME, BANKER_EMAIL, CUSTOMER_ID) VALUES(102, 'ZAFRUL', 'ZAFRUL@GMAIL.COM',502);


-- INSERT INTO CREDIT_CARD
INSERT INTO CREDIT_CARD(CARD_NUMBER, CARD_LIMIT, EXPIRE_DATE, CUSTOMER_ID) VALUES(1001, 500000, '2022-12-24', 500);
INSERT INTO CREDIT_CARD(CARD_NUMBER, CARD_LIMIT, EXPIRE_DATE, CUSTOMER_ID) VALUES(1002, 700000, '2022-10-24', 501);
INSERT INTO CREDIT_CARD(CARD_NUMBER, CARD_LIMIT, EXPIRE_DATE, CUSTOMER_ID) VALUES(1003, 800000, '2022-11-24', 502);



-- INSERT INTO LOAN
INSERT INTO LOAN(LOAN_NUMBER, AMOUNT, CUSTOMER_ID) VALUES(5001, 100000, 500);
INSERT INTO LOAN(LOAN_NUMBER, AMOUNT, CUSTOMER_ID)  VALUES(5002, 200000, 501);
INSERT INTO LOAN(LOAN_NUMBER, AMOUNT, CUSTOMER_ID)  VALUES(5003, 300000, 502);


-- INSERT INTO BRANCH
INSERT INTO BRANCH(BRANCH_NAME, BRANCH_LOCATION, LOAN_NUMBER) VALUES('SONALI', 'SAVAR', 5001);
INSERT INTO BRANCH(BRANCH_NAME, BRANCH_LOCATION, LOAN_NUMBER) VALUES('RUPALI', 'DHAKA', 5002);
INSERT INTO BRANCH(BRANCH_NAME, BRANCH_LOCATION, LOAN_NUMBER) VALUES('JANATA', 'KHULNA', 5003);



-- INSERT INTO ACCOUNT
INSERT INTO ACCOUNT(ACCOUNT_NUMBER, BALANCE, CATEGORY, CUSTOMER_ID) VALUES(10001, 100000, 'GENERAL', 500);
INSERT INTO ACCOUNT(ACCOUNT_NUMBER, BALANCE, CATEGORY, CUSTOMER_ID) VALUES(10002, 200000, 'PREMIUM', 501);
INSERT INTO ACCOUNT(ACCOUNT_NUMBER, BALANCE, CATEGORY, CUSTOMER_ID) VALUES(10003, 300000, 'STANDARD', 502);
